ツイッターツールの不具合修正 スクレイピング・データ収集の仕事の依頼,doraemon87,2021/03/09 15:15
ツイッターツールの不具合修正 スクレイピング・データ収集の仕事の依頼,IT_MASTER,2021/03/09 13:02
ツイッターツールの不具合修正 スクレイピング・データ収集の仕事の依頼,ntxuyen1989,2021/03/09 12:26
BUYMAのマイページから情報を収集するプログラム スクレイピング・データ収集の仕事の依頼,yab887,2021/03/09 13:48
BUYMAのマイページから情報を収集するプログラム スクレイピング・データ収集の仕事の依頼,ntxuyen1989,2021/03/09 12:24
ECサイトで売れた商品の発送先印刷自動化のプログラム構築 スクレイピング・データ収集の仕事の依頼,ITコンサルとプログラマ,2021/03/12 21:48
ECサイトで売れた商品の発送先印刷自動化のプログラム構築 スクレイピング・データ収集の仕事の依頼,にじいろブロックシステム,2021/03/11 18:59
ECサイトで売れた商品の発送先印刷自動化のプログラム構築 スクレイピング・データ収集の仕事の依頼,TEQ91,2021/03/11 16:26
ECサイトで売れた商品の発送先印刷自動化のプログラム構築 スクレイピング・データ収集の仕事の依頼,リョク★,2021/03/11 12:59
ECサイトで売れた商品の発送先印刷自動化のプログラム構築 スクレイピング・データ収集の仕事の依頼,hideyukic,2021/03/11 10:52
ECサイトで売れた商品の発送先印刷自動化のプログラム構築 スクレイピング・データ収集の仕事の依頼,RPA_Miyazaki,2021/03/11 09:04
Google スプレットシートに株価情報をGoogle Apps Scriptで取得 スクレイピング・データ収集の仕事の依頼,k6hi,2021/03/13 17:04
Google スプレットシートに株価情報をGoogle Apps Scriptで取得 スクレイピング・データ収集の仕事の依頼,hanekei37,2021/03/11 16:40
Google スプレットシートに株価情報をGoogle Apps Scriptで取得 スクレイピング・データ収集の仕事の依頼,ntxuyen1989,2021/03/10 16:09
Google スプレットシートに株価情報をGoogle Apps Scriptで取得 スクレイピング・データ収集の仕事の依頼,kik0220,2021/03/10 12:52
Google スプレットシートに株価情報をGoogle Apps Scriptで取得 スクレイピング・データ収集の仕事の依頼,chnny149,2021/03/10 12:26
【急募】youtube instagram twitter の名前データ収集 スクレイピング・データ収集の仕事の依頼,Y Edit,2021/03/09 22:53
【急募】youtube instagram twitter の名前データ収集 スクレイピング・データ収集の仕事の依頼,吉永惇ニ@迅速なレス,2021/03/09 19:24
Facebookグループのいいね数を集計 スクレイピング・データ収集の仕事の依頼,ITコンサルとプログラマ,2021/03/04 10:19
Facebookグループのいいね数を集計 スクレイピング・データ収集の仕事の依頼,ntxuyen1989,2021/03/02 18:55
Facebookグループのいいね数を集計 スクレイピング・データ収集の仕事の依頼,nyume,2021/03/02 13:56
Googleスプレッドシートのバグ修正 スクレイピング・データ収集の仕事の依頼,mikemasaaki,2021/03/09 02:58
Googleスプレッドシートのバグ修正 スクレイピング・データ収集の仕事の依頼,s0u,2021/03/09 00:13
Googleスプレッドシートのバグ修正 スクレイピング・データ収集の仕事の依頼,STSHISHO,2021/03/06 22:58
Googleスプレッドシートのバグ修正 スクレイピング・データ収集の仕事の依頼,nyume,2021/03/06 13:34
Googleスプレッドシートのバグ修正 スクレイピング・データ収集の仕事の依頼,rockbiz24,2021/03/06 13:08
Googleスプレッドシートのバグ修正 スクレイピング・データ収集の仕事の依頼,ナカタツ＠プログラマー,2021/03/06 12:40
Googleスプレッドシートのバグ修正 スクレイピング・データ収集の仕事の依頼,Yue_,2021/03/06 12:38
Googleスプレッドシートのバグ修正 スクレイピング・データ収集の仕事の依頼,t-sakura,2021/03/06 11:12
Googleスプレッドシートのバグ修正 スクレイピング・データ収集の仕事の依頼,shimizugenichiro,2021/03/06 10:42
Googleスプレッドシートのバグ修正 スクレイピング・データ収集の仕事の依頼,crowd_worker,2021/03/06 10:30
■検索サイトの検索結果の上位3つのURL等を取得するツールの作成依頼 スクレイピング・データ収集の仕事の依頼,KenichiObata,2021/03/14 14:25
■検索サイトの検索結果の上位3つのURL等を取得するツールの作成依頼 スクレイピング・データ収集の仕事の依頼,calliope,2021/03/14 11:30
■検索サイトの検索結果の上位3つのURL等を取得するツールの作成依頼 スクレイピング・データ収集の仕事の依頼,hideaki05233,2021/03/14 10:13
■検索サイトの検索結果の上位3つのURL等を取得するツールの作成依頼 スクレイピング・データ収集の仕事の依頼,HinemosWorks,2021/03/14 01:33
Webシステムの管理画面を自動操作するアプリの開発 スクレイピング・データ収集の仕事の依頼,yoshikiktm,2021/02/14 22:22
Webシステムの管理画面を自動操作するアプリの開発 スクレイピング・データ収集の仕事の依頼,Y Edit,2021/02/14 11:30
Webシステムの管理画面を自動操作するアプリの開発 スクレイピング・データ収集の仕事の依頼,リョク★,2021/02/14 10:45
Webシステムの管理画面を自動操作するアプリの開発 スクレイピング・データ収集の仕事の依頼,s.inaba,2021/02/14 02:50
Webシステムの管理画面を自動操作するアプリの開発 スクレイピング・データ収集の仕事の依頼,Mokeke27,2021/02/13 19:48
Webシステムの管理画面を自動操作するアプリの開発 スクレイピング・データ収集の仕事の依頼,cmb,2021/02/13 19:05
Webシステムの管理画面を自動操作するアプリの開発 スクレイピング・データ収集の仕事の依頼,kamalga119,2021/02/13 15:32
Webシステムの管理画面を自動操作するアプリの開発 スクレイピング・データ収集の仕事の依頼,i5net,2021/02/13 14:21
Webシステムの管理画面を自動操作するアプリの開発 スクレイピング・データ収集の仕事の依頼,P488,2021/02/13 12:56
Webシステムの管理画面を自動操作するアプリの開発 スクレイピング・データ収集の仕事の依頼,YasuoTanaka,2021/02/13 12:20
Webシステムの管理画面を自動操作するアプリの開発 スクレイピング・データ収集の仕事の依頼,syo20,2021/02/13 12:12
Webシステムの管理画面を自動操作するアプリの開発 スクレイピング・データ収集の仕事の依頼,teixxx2019,2021/02/13 12:03
Webシステムの管理画面を自動操作するアプリの開発 スクレイピング・データ収集の仕事の依頼,IT_MASTER,2021/02/13 09:28
サイトの記事本文をスクレイピングしたのちにWPへ下書き投稿できるツールの開発 スクレイピング・データ収集の仕事の依頼,吉永惇ニ@迅速なレス,2021/03/05 22:10
サイトの記事本文をスクレイピングしたのちにWPへ下書き投稿できるツールの開発 スクレイピング・データ収集の仕事の依頼,ken2,2021/03/05 16:19
サイトの記事本文をスクレイピングしたのちにWPへ下書き投稿できるツールの開発 スクレイピング・データ収集の仕事の依頼,misuzu2019,2021/03/05 12:06
サイトの記事本文をスクレイピングしたのちにWPへ下書き投稿できるツールの開発 スクレイピング・データ収集の仕事の依頼,tamo23yama1,2021/03/04 21:14
サイトの記事本文をスクレイピングしたのちにWPへ下書き投稿できるツールの開発 スクレイピング・データ収集の仕事の依頼,i5net,2021/03/04 19:18
サイトの記事本文をスクレイピングしたのちにWPへ下書き投稿できるツールの開発 スクレイピング・データ収集の仕事の依頼,doraemon87,2021/03/04 13:34
サイトの記事本文をスクレイピングしたのちにWPへ下書き投稿できるツールの開発 スクレイピング・データ収集の仕事の依頼,ntxuyen1989,2021/03/04 12:38
サイトの記事本文をスクレイピングしたのちにWPへ下書き投稿できるツールの開発 スクレイピング・データ収集の仕事の依頼,yuhoshino,2021/03/04 08:58
サイトの記事本文をスクレイピングしたのちにWPへ下書き投稿できるツールの開発 スクレイピング・データ収集の仕事の依頼,nyume,2021/03/04 08:52
アリエクスプレスから商品情報を取得し、csv形式のファイルに保存するツールの開発の仕事 スクレイピング・データ収集の仕事の依頼,superwonder2008,2021/03/07 21:45
アリエクスプレスから商品情報を取得し、csv形式のファイルに保存するツールの開発の仕事 スクレイピング・データ収集の仕事の依頼,たけやん,2021/03/05 01:15
アリエクスプレスから商品情報を取得し、csv形式のファイルに保存するツールの開発の仕事 スクレイピング・データ収集の仕事の依頼,PA Lab,2021/03/03 19:56
アリエクスプレスから商品情報を取得し、csv形式のファイルに保存するツールの開発の仕事 スクレイピング・データ収集の仕事の依頼,手賀ソフトウェア製作所,2021/03/01 10:05
アリエクスプレスから商品情報を取得し、csv形式のファイルに保存するツールの開発の仕事 スクレイピング・データ収集の仕事の依頼,myoshida_27,2021/02/28 23:32
アリエクスプレスから商品情報を取得し、csv形式のファイルに保存するツールの開発の仕事 スクレイピング・データ収集の仕事の依頼,kamalga119,2021/02/28 20:09
アリエクスプレスから商品情報を取得し、csv形式のファイルに保存するツールの開発の仕事 スクレイピング・データ収集の仕事の依頼,ntxuyen1989,2021/02/28 17:45
補助金・助成金サイトからデータを抜き出してCSVまとめる作業 スクレイピング・データ収集の仕事の依頼,渡邉友賀,2021/03/01 17:49
補助金・助成金サイトからデータを抜き出してCSVまとめる作業 スクレイピング・データ収集の仕事の依頼,sf1713,2021/03/01 16:56
補助金・助成金サイトからデータを抜き出してCSVまとめる作業 スクレイピング・データ収集の仕事の依頼,si071095,2021/03/01 16:03
補助金・助成金サイトからデータを抜き出してCSVまとめる作業 スクレイピング・データ収集の仕事の依頼,agafeskh,2021/03/01 15:37
補助金・助成金サイトからデータを抜き出してCSVまとめる作業 スクレイピング・データ収集の仕事の依頼,三上〈みかみ〉,2021/03/01 15:22
補助金・助成金サイトからデータを抜き出してCSVまとめる作業 スクレイピング・データ収集の仕事の依頼,Mokeke27,2021/03/01 14:47
補助金・助成金サイトからデータを抜き出してCSVまとめる作業 スクレイピング・データ収集の仕事の依頼,吉永惇ニ@迅速なレス,2021/03/01 14:46
補助金・助成金サイトからデータを抜き出してCSVまとめる作業 スクレイピング・データ収集の仕事の依頼,stoneriverwork19,2021/03/01 14:41
補助金・助成金サイトからデータを抜き出してCSVまとめる作業 スクレイピング・データ収集の仕事の依頼,topdev8888,2021/03/01 14:27
補助金・助成金サイトからデータを抜き出してCSVまとめる作業 スクレイピング・データ収集の仕事の依頼,Lovely Thing,2021/03/01 14:09
【急募】スクレイピング・データ収集抽出のツール作成ができる方募集【プロフェッショナル歓迎】 スクレイピング・データ収集の仕事の依頼,haljion11,2021/02/16 14:38
【急募】スクレイピング・データ収集抽出のツール作成ができる方募集【プロフェッショナル歓迎】 スクレイピング・データ収集の仕事の依頼,ntxuyen1989,2021/02/16 01:02
【急募】スクレイピング・データ収集抽出のツール作成ができる方募集【プロフェッショナル歓迎】 スクレイピング・データ収集の仕事の依頼,sd18015,2021/02/16 00:49
【急募】スクレイピング・データ収集抽出のツール作成ができる方募集【プロフェッショナル歓迎】 スクレイピング・データ収集の仕事の依頼,ITコンサルとプログラマ,2021/02/15 22:10
【急募】スクレイピング・データ収集抽出のツール作成ができる方募集【プロフェッショナル歓迎】 スクレイピング・データ収集の仕事の依頼,新川　浩彬,2021/02/15 19:02
【急募】スクレイピング・データ収集抽出のツール作成ができる方募集【プロフェッショナル歓迎】 スクレイピング・データ収集の仕事の依頼,ohyamaohoh,2021/02/15 16:38
【急募】スクレイピング・データ収集抽出のツール作成ができる方募集【プロフェッショナル歓迎】 スクレイピング・データ収集の仕事の依頼,Sakurai_tech,2021/02/15 13:36
【急募】スクレイピング・データ収集抽出のツール作成ができる方募集【プロフェッショナル歓迎】 スクレイピング・データ収集の仕事の依頼,Shun Sato,2021/02/15 12:43
【急募】スクレイピング・データ収集抽出のツール作成ができる方募集【プロフェッショナル歓迎】 スクレイピング・データ収集の仕事の依頼,渡邉友賀,2021/02/15 09:22
【急募】スクレイピング・データ収集抽出のツール作成ができる方募集【プロフェッショナル歓迎】 スクレイピング・データ収集の仕事の依頼,nyume,2021/02/15 08:21
【急募】スクレイピング・データ収集抽出のツール作成ができる方募集【プロフェッショナル歓迎】 スクレイピング・データ収集の仕事の依頼,nobu3de,2021/02/15 08:05
【急募】スクレイピング・データ収集抽出のツール作成ができる方募集【プロフェッショナル歓迎】 スクレイピング・データ収集の仕事の依頼,yama744,2021/02/15 08:03
【急募】スクレイピング・データ収集抽出のツール作成ができる方募集【プロフェッショナル歓迎】 スクレイピング・データ収集の仕事の依頼,tghryk,2021/02/15 07:13
【急募】スクレイピング・データ収集抽出のツール作成ができる方募集【プロフェッショナル歓迎】 スクレイピング・データ収集の仕事の依頼,ken2,2021/02/15 07:11
ヤフオクの個人ID!・メルカリの落札者のデータを販売管理ソフトに打ち込んでいるのですが打ち込まなくても取り込めるようにお願いしたいです。 スクレイピング・データ収集の仕事の依頼,ntxuyen1989,2021/02/21 01:36
ホットペッパーのAPIをワードプレスで呼び出すシステム作り スクレイピング・データ収集の仕事の依頼,MoonRider12,2021/02/23 11:24
ホットペッパーのAPIをワードプレスで呼び出すシステム作り スクレイピング・データ収集の仕事の依頼,shikuramenko124,2021/02/23 02:08
ホットペッパーのAPIをワードプレスで呼び出すシステム作り スクレイピング・データ収集の仕事の依頼,PODC,2021/02/22 13:24
noteへの自動投稿プログラムの作成 スクレイピング・データ収集の仕事の依頼,ken2,2021/03/07 17:17
noteへの自動投稿プログラムの作成 スクレイピング・データ収集の仕事の依頼,suugakunohito,2021/03/07 10:40
noteへの自動投稿プログラムの作成 スクレイピング・データ収集の仕事の依頼,Nakahuku95,2021/03/05 14:02
noteへの自動投稿プログラムの作成 スクレイピング・データ収集の仕事の依頼,Tatsuroh55,2021/03/02 03:16
noteへの自動投稿プログラムの作成 スクレイピング・データ収集の仕事の依頼,Mmors,2021/03/01 15:22
noteへの自動投稿プログラムの作成 スクレイピング・データ収集の仕事の依頼,sho.0715,2021/03/01 04:23
noteへの自動投稿プログラムの作成 スクレイピング・データ収集の仕事の依頼,Y Edit,2021/02/28 17:24
noteへの自動投稿プログラムの作成 スクレイピング・データ収集の仕事の依頼,吉永惇ニ@迅速なレス,2021/02/26 12:03
noteへの自動投稿プログラムの作成 スクレイピング・データ収集の仕事の依頼,pocota28,2021/02/25 20:58
noteへの自動投稿プログラムの作成 スクレイピング・データ収集の仕事の依頼,たけりん@即レス系男子,2021/02/25 17:27
noteへの自動投稿プログラムの作成 スクレイピング・データ収集の仕事の依頼,ntxuyen1989,2021/02/23 17:05
noteへの自動投稿プログラムの作成 スクレイピング・データ収集の仕事の依頼,sohopro,2021/02/23 16:30
noteへの自動投稿プログラムの作成 スクレイピング・データ収集の仕事の依頼,P488,2021/02/23 13:58
Webサイトの画像を収集するプログラムの作成 スクレイピング・データ収集の仕事の依頼,sho.0715,2021/03/05 15:03
Webサイトの画像を収集するプログラムの作成 スクレイピング・データ収集の仕事の依頼,たけやん,2021/03/05 01:22
Webサイトの画像を収集するプログラムの作成 スクレイピング・データ収集の仕事の依頼,okasigenn,2021/03/04 08:19
Webサイトの画像を収集するプログラムの作成 スクレイピング・データ収集の仕事の依頼,Y Edit,2021/03/03 21:31
Webサイトの画像を収集するプログラムの作成 スクレイピング・データ収集の仕事の依頼,sirara_1,2021/03/03 00:22
Webサイトの画像を収集するプログラムの作成 スクレイピング・データ収集の仕事の依頼,三上〈みかみ〉,2021/03/01 15:29
Webサイトの画像を収集するプログラムの作成 スクレイピング・データ収集の仕事の依頼,nyume,2021/03/01 15:29
Webサイトの画像を収集するプログラムの作成 スクレイピング・データ収集の仕事の依頼,i5net,2021/03/01 15:18
Webサイトの画像を収集するプログラムの作成 スクレイピング・データ収集の仕事の依頼,KEN13998,2021/03/01 15:06
Webサイトの画像を収集するプログラムの作成 スクレイピング・データ収集の仕事の依頼,dqce3o9nht482,2021/03/01 14:36
Webサイトの画像を収集するプログラムの作成 スクレイピング・データ収集の仕事の依頼,TAGUCHI_5,2021/03/01 14:27
Webサイトの画像を収集するプログラムの作成 スクレイピング・データ収集の仕事の依頼,金さん,2021/03/01 12:22
Webサイトの画像を収集するプログラムの作成 スクレイピング・データ収集の仕事の依頼,niroku26,2021/03/01 12:22
Webサイトの画像を収集するプログラムの作成 スクレイピング・データ収集の仕事の依頼,yuuhi18,2021/03/01 11:59
Webサイトの画像を収集するプログラムの作成 スクレイピング・データ収集の仕事の依頼,吉永惇ニ@迅速なレス,2021/03/01 11:46
Webサイトの画像を収集するプログラムの作成 スクレイピング・データ収集の仕事の依頼,jiyang,2021/03/01 11:45
Webサイトの画像を収集するプログラムの作成 スクレイピング・データ収集の仕事の依頼,topdev8888,2021/03/01 11:22
Webサイトの画像を収集するプログラムの作成 スクレイピング・データ収集の仕事の依頼,IT_MASTER,2021/03/01 10:29
Webサイトの画像を収集するプログラムの作成 スクレイピング・データ収集の仕事の依頼,渡邉友賀,2021/03/01 09:51
Webサイトの画像を収集するプログラムの作成 スクレイピング・データ収集の仕事の依頼,ナカタツ＠プログラマー,2021/03/01 08:31
【見積希望】1時間程度！サイト上のPDFファイル自動収集と自動分類についてアドバイスをください【スクレイピングやシステム構築が得意な方】 スクレイピング・データ収集の仕事の依頼,Shosuke,2021/03/09 10:22
【見積希望】1時間程度！サイト上のPDFファイル自動収集と自動分類についてアドバイスをください【スクレイピングやシステム構築が得意な方】 スクレイピング・データ収集の仕事の依頼,手賀ソフトウェア製作所,2021/03/08 17:28
Google Cloud FirestoreのCloud Functionを使用したクローリングシステムの開発 スクレイピング・データ収集の仕事の依頼,cnfkit2020,2021/03/07 11:47
Google Cloud FirestoreのCloud Functionを使用したクローリングシステムの開発 スクレイピング・データ収集の仕事の依頼,golden_21b6,2021/03/06 23:43
Google Cloud FirestoreのCloud Functionを使用したクローリングシステムの開発 スクレイピング・データ収集の仕事の依頼,HeiHei11,2021/03/06 12:12
Google Cloud FirestoreのCloud Functionを使用したクローリングシステムの開発 スクレイピング・データ収集の仕事の依頼,WEBEngineer,2021/03/06 12:08
Google Cloud FirestoreのCloud Functionを使用したクローリングシステムの開発 スクレイピング・データ収集の仕事の依頼,jiyang,2021/03/06 09:47
Google Cloud FirestoreのCloud Functionを使用したクローリングシステムの開発 スクレイピング・データ収集の仕事の依頼,shikuramenko124,2021/03/06 09:32
Google Cloud FirestoreのCloud Functionを使用したクローリングシステムの開発 スクレイピング・データ収集の仕事の依頼,IT_MASTER,2021/03/06 09:29
指定したURLのGoogle検索順位取得ツール開発 スクレイピング・データ収集の仕事の依頼,ITコンサルとプログラマ,2021/03/04 10:23
指定したURLのGoogle検索順位取得ツール開発 スクレイピング・データ収集の仕事の依頼,ydacun362,2021/03/01 23:33
指定したURLのGoogle検索順位取得ツール開発 スクレイピング・データ収集の仕事の依頼,吉村知優 (カズマサ),2021/03/01 19:17
指定したURLのGoogle検索順位取得ツール開発 スクレイピング・データ収集の仕事の依頼,若田,2021/03/01 15:22
指定したURLのGoogle検索順位取得ツール開発 スクレイピング・データ収集の仕事の依頼,TAGUCHI_5,2021/03/01 13:59
指定したURLのGoogle検索順位取得ツール開発 スクレイピング・データ収集の仕事の依頼,Y Edit,2021/02/28 16:31
指定したURLのGoogle検索順位取得ツール開発 スクレイピング・データ収集の仕事の依頼,beglee,2021/02/27 21:45
指定したURLのGoogle検索順位取得ツール開発 スクレイピング・データ収集の仕事の依頼,大久保_商店,2021/02/24 22:08
指定したURLのGoogle検索順位取得ツール開発 スクレイピング・データ収集の仕事の依頼,T.FUJI,2021/02/23 16:33
指定したURLのGoogle検索順位取得ツール開発 スクレイピング・データ収集の仕事の依頼,kik0220,2021/02/20 13:44
指定したURLのGoogle検索順位取得ツール開発 スクレイピング・データ収集の仕事の依頼,TOSHIO1822,2021/02/20 08:45
指定したURLのGoogle検索順位取得ツール開発 スクレイピング・データ収集の仕事の依頼,mikemasaaki,2021/02/20 06:05
指定したURLのGoogle検索順位取得ツール開発 スクレイピング・データ収集の仕事の依頼,watanabem0ka,2021/02/19 12:26
指定したURLのGoogle検索順位取得ツール開発 スクレイピング・データ収集の仕事の依頼,hideyukic,2021/02/19 08:12
指定したURLのGoogle検索順位取得ツール開発 スクレイピング・データ収集の仕事の依頼,RPA_Miyazaki,2021/02/19 06:47
pythonでのフリマサイトの自動再出品、出品データ取得ツール作成 スクレイピング・データ収集の仕事の依頼,st4trafalgar,2021/02/28 03:02
pythonでのフリマサイトの自動再出品、出品データ取得ツール作成 スクレイピング・データ収集の仕事の依頼,タミコ01,2021/02/27 16:26
pythonでのフリマサイトの自動再出品、出品データ取得ツール作成 スクレイピング・データ収集の仕事の依頼,吉永惇ニ@迅速なレス,2021/02/26 11:52
pythonでのフリマサイトの自動再出品、出品データ取得ツール作成 スクレイピング・データ収集の仕事の依頼,romanoct2004,2021/02/25 18:10
pythonでのフリマサイトの自動再出品、出品データ取得ツール作成 スクレイピング・データ収集の仕事の依頼,topdev8888,2021/02/25 15:24
JavaScriptでのスクリプト作成（データをスプレットシートに出力） スクレイピング・データ収集の仕事の依頼,sfujimura2,2021/02/21 04:07
JavaScriptでのスクリプト作成（データをスプレットシートに出力） スクレイピング・データ収集の仕事の依頼,awayuki598,2021/02/20 21:42
JavaScriptでのスクリプト作成（データをスプレットシートに出力） スクレイピング・データ収集の仕事の依頼,nyume,2021/02/18 19:38
JavaScriptでのスクリプト作成（データをスプレットシートに出力） スクレイピング・データ収集の仕事の依頼,IT_MASTER,2021/02/18 19:10
JavaScriptでのスクリプト作成（データをスプレットシートに出力） スクレイピング・データ収集の仕事の依頼,ナカタツ＠プログラマー,2021/02/18 18:51
JavaScriptでのスクリプト作成（データをスプレットシートに出力） スクレイピング・データ収集の仕事の依頼,rockbiz24,2021/02/18 16:14
JavaScriptでのスクリプト作成（データをスプレットシートに出力） スクレイピング・データ収集の仕事の依頼,hanekei37,2021/02/18 12:59
初心者大歓迎【GAS】を用いたシステム開発『事前に仕事内容を打ち合わせ』して契約締結するため初めてでも安心！ スクレイピング・データ収集の仕事の依頼,sfujimura2,2021/02/21 04:06
初心者大歓迎【GAS】を用いたシステム開発『事前に仕事内容を打ち合わせ』して契約締結するため初めてでも安心！ スクレイピング・データ収集の仕事の依頼,ソラールマシカクラボ,2021/02/19 08:22
初心者大歓迎【GAS】を用いたシステム開発『事前に仕事内容を打ち合わせ』して契約締結するため初めてでも安心！ スクレイピング・データ収集の仕事の依頼,J.Ishida,2021/02/19 00:50
初心者大歓迎【GAS】を用いたシステム開発『事前に仕事内容を打ち合わせ』して契約締結するため初めてでも安心！ スクレイピング・データ収集の仕事の依頼,ナカタツ＠プログラマー,2021/02/18 18:47
初心者大歓迎【GAS】を用いたシステム開発『事前に仕事内容を打ち合わせ』して契約締結するため初めてでも安心！ スクレイピング・データ収集の仕事の依頼,NOM3N,2021/02/18 18:14
初心者大歓迎【GAS】を用いたシステム開発『事前に仕事内容を打ち合わせ』して契約締結するため初めてでも安心！ スクレイピング・データ収集の仕事の依頼,yuuya081,2021/02/18 15:12
初心者大歓迎【GAS】を用いたシステム開発『事前に仕事内容を打ち合わせ』して契約締結するため初めてでも安心！ スクレイピング・データ収集の仕事の依頼,tghryk,2021/02/18 04:08
【急募】イラストレーターのメールアドレススキャルピングソフト制作依頼 スクレイピング・データ収集の仕事の依頼,instaworks,2021/02/26 17:38
【急募】イラストレーターのメールアドレススキャルピングソフト制作依頼 スクレイピング・データ収集の仕事の依頼,先端基幹システム,2021/02/20 11:48
【急募】イラストレーターのメールアドレススキャルピングソフト制作依頼 スクレイピング・データ収集の仕事の依頼,i5net,2021/02/19 17:12
ヤフーニュースのコメントを取得して出力するツール スクレイピング・データ収集の仕事の依頼,myoshida_27,2021/02/28 19:26
ヤフーニュースのコメントを取得して出力するツール スクレイピング・データ収集の仕事の依頼,farblue1220,2021/02/28 09:43
ヤフーニュースのコメントを取得して出力するツール スクレイピング・データ収集の仕事の依頼,e5t8rvim,2021/02/28 09:15
ヤフーニュースのコメントを取得して出力するツール スクレイピング・データ収集の仕事の依頼,taoka_toshiaki,2021/02/28 05:23
ヤフーニュースのコメントを取得して出力するツール スクレイピング・データ収集の仕事の依頼,st4trafalgar,2021/02/28 03:20
ヤフーニュースのコメントを取得して出力するツール スクレイピング・データ収集の仕事の依頼,rabi9238,2021/02/27 12:04
ヤフーニュースのコメントを取得して出力するツール スクレイピング・データ収集の仕事の依頼,pocota28,2021/02/25 21:17
ヤフーニュースのコメントを取得して出力するツール スクレイピング・データ収集の仕事の依頼,RPA_Miyazaki,2021/02/25 10:13
ヤフーニュースのコメントを取得して出力するツール スクレイピング・データ収集の仕事の依頼,tghryk,2021/02/25 05:34
【簡単な方法提案歓迎】定期的に指定サイトから必要情報を抜き出しWPのdbへ結果を反映できるツールの開発 スクレイピング・データ収集の仕事の依頼,nyume,2021/03/05 08:29
【簡単な方法提案歓迎】定期的に指定サイトから必要情報を抜き出しWPのdbへ結果を反映できるツールの開発 スクレイピング・データ収集の仕事の依頼,たけりん@即レス系男子,2021/03/04 23:55
［プロフェッショナルの方］既存ウェブアプリケーションの改修依頼 スクレイピング・データ収集の仕事の依頼,PODC,2021/02/16 10:27
GAS、Pythonのスクレイピングのシステム構築。長くお付き合いできる方、大歓迎！ スクレイピング・データ収集の仕事の依頼,takahashi.ken,2021/03/08 21:04
GAS、Pythonのスクレイピングのシステム構築。長くお付き合いできる方、大歓迎！ スクレイピング・データ収集の仕事の依頼,sfujimura2,2021/03/08 00:49
GAS、Pythonのスクレイピングのシステム構築。長くお付き合いできる方、大歓迎！ スクレイピング・データ収集の仕事の依頼,kinrou2016,2021/03/07 22:53
GAS、Pythonのスクレイピングのシステム構築。長くお付き合いできる方、大歓迎！ スクレイピング・データ収集の仕事の依頼,fuzimaru0421,2021/03/07 06:20
GAS、Pythonのスクレイピングのシステム構築。長くお付き合いできる方、大歓迎！ スクレイピング・データ収集の仕事の依頼,wakepedia,2021/03/06 18:33
GAS、Pythonのスクレイピングのシステム構築。長くお付き合いできる方、大歓迎！ スクレイピング・データ収集の仕事の依頼,Mmors,2021/03/06 17:55
GAS、Pythonのスクレイピングのシステム構築。長くお付き合いできる方、大歓迎！ スクレイピング・データ収集の仕事の依頼,nobu3de,2021/03/06 08:56
GAS、Pythonのスクレイピングのシステム構築。長くお付き合いできる方、大歓迎！ スクレイピング・データ収集の仕事の依頼,nattu405,2021/03/06 06:24
GAS、Pythonのスクレイピングのシステム構築。長くお付き合いできる方、大歓迎！ スクレイピング・データ収集の仕事の依頼,てっぺ,2021/03/06 03:01
GAS、Pythonのスクレイピングのシステム構築。長くお付き合いできる方、大歓迎！ スクレイピング・データ収集の仕事の依頼,Lovely Thing,2021/03/06 00:40
GAS、Pythonのスクレイピングのシステム構築。長くお付き合いできる方、大歓迎！ スクレイピング・データ収集の仕事の依頼,たけりん@即レス系男子,2021/03/05 23:57
GAS、Pythonのスクレイピングのシステム構築。長くお付き合いできる方、大歓迎！ スクレイピング・データ収集の仕事の依頼,吉永惇ニ@迅速なレス,2021/03/05 21:27
GAS、Pythonのスクレイピングのシステム構築。長くお付き合いできる方、大歓迎！ スクレイピング・データ収集の仕事の依頼,Tanaka 1h7d6,2021/03/05 15:02
GAS、Pythonのスクレイピングのシステム構築。長くお付き合いできる方、大歓迎！ スクレイピング・データ収集の仕事の依頼,mikami4123,2021/03/05 08:54
GAS、Pythonのスクレイピングのシステム構築。長くお付き合いできる方、大歓迎！ スクレイピング・データ収集の仕事の依頼,nyume,2021/03/05 07:46
GAS、Pythonのスクレイピングのシステム構築。長くお付き合いできる方、大歓迎！ スクレイピング・データ収集の仕事の依頼,i5net,2021/03/04 20:49
GAS、Pythonのスクレイピングのシステム構築。長くお付き合いできる方、大歓迎！ スクレイピング・データ収集の仕事の依頼,manyon,2021/03/04 20:35
GAS、Pythonのスクレイピングのシステム構築。長くお付き合いできる方、大歓迎！ スクレイピング・データ収集の仕事の依頼,topdev8888,2021/03/04 18:11
GAS、Pythonのスクレイピングのシステム構築。長くお付き合いできる方、大歓迎！ スクレイピング・データ収集の仕事の依頼,SENORI,2021/03/04 18:09
GAS、Pythonのスクレイピングのシステム構築。長くお付き合いできる方、大歓迎！ スクレイピング・データ収集の仕事の依頼,ntxuyen1989,2021/03/04 17:54
【急募】データ収集ソフト制作依頼 スクレイピング・データ収集の仕事の依頼,dahhuy,2021/02/25 16:22
【急募】データ収集ソフト制作依頼 スクレイピング・データ収集の仕事の依頼,リョク★,2021/02/25 12:29
【急募】データ収集ソフト制作依頼 スクレイピング・データ収集の仕事の依頼,tghryk,2021/02/25 10:15
補助金・助成金サイトからデータをCSVで抜き出してエクセルにまとめる作業 スクレイピング・データ収集の仕事の依頼,sirara_1,2021/03/02 09:22
補助金・助成金サイトからデータをCSVで抜き出してエクセルにまとめる作業 スクレイピング・データ収集の仕事の依頼,IT_MASTER,2021/03/01 19:04
補助金・助成金サイトからデータをCSVで抜き出してエクセルにまとめる作業 スクレイピング・データ収集の仕事の依頼,渡邉友賀,2021/03/01 17:50
補助金・助成金サイトからデータをCSVで抜き出してエクセルにまとめる作業 スクレイピング・データ収集の仕事の依頼,ntxuyen1989,2021/03/01 17:08
補助金・助成金サイトからデータをCSVで抜き出してエクセルにまとめる作業 スクレイピング・データ収集の仕事の依頼,shimizugenichiro,2021/03/01 17:04
補助金・助成金サイトからデータをCSVで抜き出してエクセルにまとめる作業 スクレイピング・データ収集の仕事の依頼,KEN13998,2021/03/01 14:55
UiPathでサイトのURLに変更がないか簡単なチェックツールを作りたい スクレイピング・データ収集の仕事の依頼,先端基幹システム,2021/02/18 21:19
UiPathでサイトのURLに変更がないか簡単なチェックツールを作りたい スクレイピング・データ収集の仕事の依頼,birdslake,2021/02/16 23:51
pythonを用いたスクレイピング スクレイピング・データ収集の仕事の依頼,ihou.chin,2021/02/23 16:18
pythonを用いたスクレイピング スクレイピング・データ収集の仕事の依頼,KToyoda,2021/02/23 15:28
pythonを用いたスクレイピング スクレイピング・データ収集の仕事の依頼,渡邉友賀,2021/02/23 14:21
pythonを用いたスクレイピング スクレイピング・データ収集の仕事の依頼,P488,2021/02/23 14:00
pythonを用いたスクレイピング スクレイピング・データ収集の仕事の依頼,MoonRider12,2021/02/23 11:50
pythonを用いたスクレイピング スクレイピング・データ収集の仕事の依頼,h.takahashi0713,2021/02/23 11:31
pythonを用いたスクレイピング スクレイピング・データ収集の仕事の依頼,sohopro,2021/02/23 10:37
pythonを用いたスクレイピング スクレイピング・データ収集の仕事の依頼,xingogo1989,2021/02/23 10:28
pythonを用いたスクレイピング スクレイピング・データ収集の仕事の依頼,nyume,2021/02/23 08:06
pythonを用いたスクレイピング スクレイピング・データ収集の仕事の依頼,agafeskh,2021/02/23 08:06
pythonを用いたスクレイピング スクレイピング・データ収集の仕事の依頼,IT_MASTER,2021/02/23 08:01
pythonを用いたスクレイピング スクレイピング・データ収集の仕事の依頼,i5net,2021/02/23 07:54
pythonを用いたスクレイピング スクレイピング・データ収集の仕事の依頼,どらむすこ,2021/02/23 07:44
pythonを用いたスクレイピング スクレイピング・データ収集の仕事の依頼,WangChao,2021/02/23 07:38
【報酬1万円】指定サイトの情報をスクレイピングしてWPに入稿できるようにしていただける方を募集します スクレイピング・データ収集の仕事の依頼,ITコンサルとプログラマ,2021/03/12 22:30
【報酬1万円】指定サイトの情報をスクレイピングしてWPに入稿できるようにしていただける方を募集します スクレイピング・データ収集の仕事の依頼,オフィスひとり,2021/03/12 10:02
【報酬1万円】指定サイトの情報をスクレイピングしてWPに入稿できるようにしていただける方を募集します スクレイピング・データ収集の仕事の依頼,KEN13998,2021/03/09 11:43
【報酬1万円】指定サイトの情報をスクレイピングしてWPに入稿できるようにしていただける方を募集します スクレイピング・データ収集の仕事の依頼,tamuraCW,2021/03/07 10:22
【報酬1万円】指定サイトの情報をスクレイピングしてWPに入稿できるようにしていただける方を募集します スクレイピング・データ収集の仕事の依頼,Mmors,2021/03/06 17:53
【報酬1万円】指定サイトの情報をスクレイピングしてWPに入稿できるようにしていただける方を募集します スクレイピング・データ収集の仕事の依頼,MM_hokkaido,2021/03/06 13:01
【報酬1万円】指定サイトの情報をスクレイピングしてWPに入稿できるようにしていただける方を募集します スクレイピング・データ収集の仕事の依頼,hiko_ef2d,2021/03/04 09:53
【報酬1万円】指定サイトの情報をスクレイピングしてWPに入稿できるようにしていただける方を募集します スクレイピング・データ収集の仕事の依頼,リョク★,2021/03/04 08:05
【報酬1万円】指定サイトの情報をスクレイピングしてWPに入稿できるようにしていただける方を募集します スクレイピング・データ収集の仕事の依頼,daisukemaki_ce79,2021/03/02 19:10
【報酬1万円】指定サイトの情報をスクレイピングしてWPに入稿できるようにしていただける方を募集します スクレイピング・データ収集の仕事の依頼,ナカタツ＠プログラマー,2021/03/01 08:42
【報酬1万円】指定サイトの情報をスクレイピングしてWPに入稿できるようにしていただける方を募集します スクレイピング・データ収集の仕事の依頼,yoshi@cw,2021/02/28 10:59
【報酬1万円】指定サイトの情報をスクレイピングしてWPに入稿できるようにしていただける方を募集します スクレイピング・データ収集の仕事の依頼,watanabem0ka,2021/02/28 08:32
【報酬1万円】指定サイトの情報をスクレイピングしてWPに入稿できるようにしていただける方を募集します スクレイピング・データ収集の仕事の依頼,TAGUCHI_5,2021/02/28 00:58
【報酬1万円】指定サイトの情報をスクレイピングしてWPに入稿できるようにしていただける方を募集します スクレイピング・データ収集の仕事の依頼,rannguru,2021/02/27 10:57
【報酬1万円】指定サイトの情報をスクレイピングしてWPに入稿できるようにしていただける方を募集します スクレイピング・データ収集の仕事の依頼,tghryk,2021/02/27 01:50
【報酬1万円】指定サイトの情報をスクレイピングしてWPに入稿できるようにしていただける方を募集します スクレイピング・データ収集の仕事の依頼,t-fukunaga,2021/02/26 23:45
「わかる方なら10分作業!!」WordPressのMySQLのSELECT文を教えてください！ スクレイピング・データ収集の仕事の依頼,villageko,2021/02/13 22:48
「わかる方なら10分作業!!」WordPressのMySQLのSELECT文を教えてください！ スクレイピング・データ収集の仕事の依頼,sakuradayo,2021/02/13 21:13
【急募】GASでの特定Webサイトのスプレイピング開発をお願いします。 スクレイピング・データ収集の仕事の依頼,tetsuyakato,2021/02/26 19:28
【急募】GASでの特定Webサイトのスプレイピング開発をお願いします。 スクレイピング・データ収集の仕事の依頼,gomon,2021/02/26 19:04
【急募】GASでの特定Webサイトのスプレイピング開発をお願いします。 スクレイピング・データ収集の仕事の依頼,konnoworks,2021/02/26 18:27
【急募】GASでの特定Webサイトのスプレイピング開発をお願いします。 スクレイピング・データ収集の仕事の依頼,nk848,2021/02/26 11:41
【急募】GASでの特定Webサイトのスプレイピング開発をお願いします。 スクレイピング・データ収集の仕事の依頼,pgmer,2021/02/25 20:16
【急募】GASでの特定Webサイトのスプレイピング開発をお願いします。 スクレイピング・データ収集の仕事の依頼,たけりん@即レス系男子,2021/02/25 16:16
【急募】GASでの特定Webサイトのスプレイピング開発をお願いします。 スクレイピング・データ収集の仕事の依頼,Y Edit,2021/02/25 12:58
【急募】GASでの特定Webサイトのスプレイピング開発をお願いします。 スクレイピング・データ収集の仕事の依頼,t-fukunaga,2021/02/24 23:16
【急募】GASでの特定Webサイトのスプレイピング開発をお願いします。 スクレイピング・データ収集の仕事の依頼,オフィスひとり,2021/02/24 22:03
【急募】GASでの特定Webサイトのスプレイピング開発をお願いします。 スクレイピング・データ収集の仕事の依頼,tghryk,2021/02/24 21:25
【急募】GASでの特定Webサイトのスプレイピング開発をお願いします。 スクレイピング・データ収集の仕事の依頼,nyume,2021/02/24 07:38
【急募】GASでの特定Webサイトのスプレイピング開発をお願いします。 スクレイピング・データ収集の仕事の依頼,sohopro,2021/02/24 05:50
【急募】GASでの特定Webサイトのスプレイピング開発をお願いします。 スクレイピング・データ収集の仕事の依頼,SENORI,2021/02/23 22:40
【急募】イラストレーターのメールアドレススキャルピングソフト制作依頼 スクレイピング・データ収集の仕事の依頼,ITコンサルとプログラマ,2021/03/04 10:33
Googleの特定ページソースを抜き出すスクレイピングシステムの開発 スクレイピング・データ収集の仕事の依頼,HinemosWorks,2021/03/13 14:30
Googleの特定ページソースを抜き出すスクレイピングシステムの開発 スクレイピング・データ収集の仕事の依頼,ITコンサルとプログラマ,2021/03/12 22:29
Googleの特定ページソースを抜き出すスクレイピングシステムの開発 スクレイピング・データ収集の仕事の依頼,KEN13998,2021/03/09 11:48
Googleの特定ページソースを抜き出すスクレイピングシステムの開発 スクレイピング・データ収集の仕事の依頼,takahashi.ken,2021/03/08 20:40
Googleの特定ページソースを抜き出すスクレイピングシステムの開発 スクレイピング・データ収集の仕事の依頼,miraitaro,2021/03/08 17:43
Googleの特定ページソースを抜き出すスクレイピングシステムの開発 スクレイピング・データ収集の仕事の依頼,calliope,2021/03/08 13:51
Googleの特定ページソースを抜き出すスクレイピングシステムの開発 スクレイピング・データ収集の仕事の依頼,superwonder2008,2021/03/07 17:51
Googleの特定ページソースを抜き出すスクレイピングシステムの開発 スクレイピング・データ収集の仕事の依頼,yab887,2021/03/06 17:40
Googleの特定ページソースを抜き出すスクレイピングシステムの開発 スクレイピング・データ収集の仕事の依頼,sprinterichinose,2021/03/05 22:14
Googleの特定ページソースを抜き出すスクレイピングシステムの開発 スクレイピング・データ収集の仕事の依頼,たけやん,2021/03/05 01:21
Googleの特定ページソースを抜き出すスクレイピングシステムの開発 スクレイピング・データ収集の仕事の依頼,ナカタツ＠プログラマー,2021/03/04 12:25
Googleの特定ページソースを抜き出すスクレイピングシステムの開発 スクレイピング・データ収集の仕事の依頼,takatoshi00,2021/03/04 11:33
Googleの特定ページソースを抜き出すスクレイピングシステムの開発 スクレイピング・データ収集の仕事の依頼,kg80087,2021/03/04 11:21
Googleの特定ページソースを抜き出すスクレイピングシステムの開発 スクレイピング・データ収集の仕事の依頼,Tanaka 1h7d6,2021/03/04 10:16
Googleの特定ページソースを抜き出すスクレイピングシステムの開発 スクレイピング・データ収集の仕事の依頼,nyume,2021/03/04 09:00
Googleの特定ページソースを抜き出すスクレイピングシステムの開発 スクレイピング・データ収集の仕事の依頼,Mt.cedar,2021/03/04 08:56
Googleの特定ページソースを抜き出すスクレイピングシステムの開発 スクレイピング・データ収集の仕事の依頼,若田,2021/03/04 08:52
Googleの特定ページソースを抜き出すスクレイピングシステムの開発 スクレイピング・データ収集の仕事の依頼,quantum.cw,2021/03/04 08:40
Googleの特定ページソースを抜き出すスクレイピングシステムの開発 スクレイピング・データ収集の仕事の依頼,hideyukic,2021/03/04 07:50
Googleの特定ページソースを抜き出すスクレイピングシステムの開発 スクレイピング・データ収集の仕事の依頼,RPA_Miyazaki,2021/03/04 06:49
【急募】エクセルorスプレッドシート　のリストから検索結果の１番上のURLを取得する スクレイピング・データ収集の仕事の依頼,k6hi,2021/03/13 17:16
【急募】エクセルorスプレッドシート　のリストから検索結果の１番上のURLを取得する スクレイピング・データ収集の仕事の依頼,Nouri,2021/03/13 06:58
【急募】エクセルorスプレッドシート　のリストから検索結果の１番上のURLを取得する スクレイピング・データ収集の仕事の依頼,ITコンサルとプログラマ,2021/03/12 21:10
【急募】エクセルorスプレッドシート　のリストから検索結果の１番上のURLを取得する スクレイピング・データ収集の仕事の依頼,takahashi244,2021/03/12 14:42
【急募】エクセルorスプレッドシート　のリストから検索結果の１番上のURLを取得する スクレイピング・データ収集の仕事の依頼,taoka_toshiaki,2021/03/12 14:11
【急募】エクセルorスプレッドシート　のリストから検索結果の１番上のURLを取得する スクレイピング・データ収集の仕事の依頼,sato0220,2021/03/11 23:23
【急募】エクセルorスプレッドシート　のリストから検索結果の１番上のURLを取得する スクレイピング・データ収集の仕事の依頼,calliope,2021/03/11 19:41
【急募】エクセルorスプレッドシート　のリストから検索結果の１番上のURLを取得する スクレイピング・データ収集の仕事の依頼,リョク★,2021/03/11 18:07
【急募】エクセルorスプレッドシート　のリストから検索結果の１番上のURLを取得する スクレイピング・データ収集の仕事の依頼,ntxuyen1989,2021/03/11 18:04
【急募】エクセルorスプレッドシート　のリストから検索結果の１番上のURLを取得する スクレイピング・データ収集の仕事の依頼,吉永惇ニ@迅速なレス,2021/03/11 17:38
指定サイトの情報を収集するスクレイピングツールの作成 スクレイピング・データ収集の仕事の依頼,Akachat121,2021/02/17 16:38
指定サイトの情報を収集するスクレイピングツールの作成 スクレイピング・データ収集の仕事の依頼,浅野八雲,2021/02/16 13:23
指定サイトの情報を収集するスクレイピングツールの作成 スクレイピング・データ収集の仕事の依頼,Shun Sato,2021/02/16 12:19
指定サイトの情報を収集するスクレイピングツールの作成 スクレイピング・データ収集の仕事の依頼,yama744,2021/02/16 11:47
指定サイトの情報を収集するスクレイピングツールの作成 スクレイピング・データ収集の仕事の依頼,topdev8888,2021/02/16 09:41
指定サイトの情報を収集するスクレイピングツールの作成 スクレイピング・データ収集の仕事の依頼,_whitecat_22,2021/02/16 08:59
指定サイトの情報を収集するスクレイピングツールの作成 スクレイピング・データ収集の仕事の依頼,rabi9238,2021/02/16 08:52
指定サイトの情報を収集するスクレイピングツールの作成 スクレイピング・データ収集の仕事の依頼,リョク★,2021/02/16 08:01
指定サイトの情報を収集するスクレイピングツールの作成 スクレイピング・データ収集の仕事の依頼,tghryk,2021/02/16 07:29
指定サイトの情報を収集するスクレイピングツールの作成 スクレイピング・データ収集の仕事の依頼,ken2,2021/02/16 07:02
簡単なスクレイピングの作業依頼 スクレイピング・データ収集の仕事の依頼,toyamauniversity,2021/02/23 11:53
簡単なスクレイピングの作業依頼 スクレイピング・データ収集の仕事の依頼,i5net,2021/02/21 17:54
株レーティング情報サイトのスクレイピング スクレイピング・データ収集の仕事の依頼,Arumics,2021/03/03 20:46
株レーティング情報サイトのスクレイピング スクレイピング・データ収集の仕事の依頼,eito_____,2021/03/03 09:38
株レーティング情報サイトのスクレイピング スクレイピング・データ収集の仕事の依頼,snowbunnniii,2021/03/03 09:25
株レーティング情報サイトのスクレイピング スクレイピング・データ収集の仕事の依頼,sirara_1,2021/03/03 08:38
株レーティング情報サイトのスクレイピング スクレイピング・データ収集の仕事の依頼,Mt.cedar,2021/03/03 07:42
株レーティング情報サイトのスクレイピング スクレイピング・データ収集の仕事の依頼,calliope,2021/03/03 05:13
株レーティング情報サイトのスクレイピング スクレイピング・データ収集の仕事の依頼,sohopro,2021/03/03 04:11
【急募】youtube instagram twitter の名前データ収集 スクレイピング・データ収集の仕事の依頼,たけりん@即レス系男子,2021/02/25 18:12
【急募】youtube instagram twitter の名前データ収集 スクレイピング・データ収集の仕事の依頼,AI0914,2021/02/25 14:41
【急募】youtube instagram twitter の名前データ収集 スクレイピング・データ収集の仕事の依頼,tai00change,2021/02/25 14:26
【急募】youtube instagram twitter の名前データ収集 スクレイピング・データ収集の仕事の依頼,takerunishimi,2021/02/23 13:13
【急募】youtube instagram twitter の名前データ収集 スクレイピング・データ収集の仕事の依頼,shousui27,2021/02/23 10:15
【急募】youtube instagram twitter の名前データ収集 スクレイピング・データ収集の仕事の依頼,P488,2021/02/22 18:12
【急募】youtube instagram twitter の名前データ収集 スクレイピング・データ収集の仕事の依頼,tghryk,2021/02/22 16:54
管理画面にログインし表形式のデータをスクレイピングするプログラムの作成 スクレイピング・データ収集の仕事の依頼,kinrou2016,2021/02/19 08:45
管理画面にログインし表形式のデータをスクレイピングするプログラムの作成 スクレイピング・データ収集の仕事の依頼,yutakum34,2021/02/17 21:51
管理画面にログインし表形式のデータをスクレイピングするプログラムの作成 スクレイピング・データ収集の仕事の依頼,nobu3de,2021/02/14 17:04
管理画面にログインし表形式のデータをスクレイピングするプログラムの作成 スクレイピング・データ収集の仕事の依頼,syo20,2021/02/14 08:18
管理画面にログインし表形式のデータをスクレイピングするプログラムの作成 スクレイピング・データ収集の仕事の依頼,TheBest,2021/02/13 10:55
管理画面にログインし表形式のデータをスクレイピングするプログラムの作成 スクレイピング・データ収集の仕事の依頼,ken2,2021/02/12 22:24
管理画面にログインし表形式のデータをスクレイピングするプログラムの作成 スクレイピング・データ収集の仕事の依頼,Hatano28,2021/02/12 16:47
管理画面にログインし表形式のデータをスクレイピングするプログラムの作成 スクレイピング・データ収集の仕事の依頼,agafeskh,2021/02/12 15:27
管理画面にログインし表形式のデータをスクレイピングするプログラムの作成 スクレイピング・データ収集の仕事の依頼,yama744,2021/02/12 14:07
不動産ポータルサイトのスクレイピング収集(HTML+画像)とCSV形式への変換 スクレイピング・データ収集の仕事の依頼,PA Lab,2021/02/26 16:12
不動産ポータルサイトのスクレイピング収集(HTML+画像)とCSV形式への変換 スクレイピング・データ収集の仕事の依頼,山下芳樹,2021/02/26 10:30
不動産ポータルサイトのスクレイピング収集(HTML+画像)とCSV形式への変換 スクレイピング・データ収集の仕事の依頼,たけりん@即レス系男子,2021/02/25 17:44
不動産ポータルサイトのスクレイピング収集(HTML+画像)とCSV形式への変換 スクレイピング・データ収集の仕事の依頼,ken2,2021/02/25 09:44
不動産ポータルサイトのスクレイピング収集(HTML+画像)とCSV形式への変換 スクレイピング・データ収集の仕事の依頼,Lovely Thing,2021/02/25 09:06
不動産ポータルサイトのスクレイピング収集(HTML+画像)とCSV形式への変換 スクレイピング・データ収集の仕事の依頼,tech2020jp,2021/02/25 07:41
不動産ポータルサイトのスクレイピング収集(HTML+画像)とCSV形式への変換 スクレイピング・データ収集の仕事の依頼,quantum.cw,2021/02/25 07:06
不動産ポータルサイトのスクレイピング収集(HTML+画像)とCSV形式への変換 スクレイピング・データ収集の仕事の依頼,tghryk,2021/02/25 05:30
不動産ポータルサイトのスクレイピング収集(HTML+画像)とCSV形式への変換 スクレイピング・データ収集の仕事の依頼,mit39,2021/02/25 05:29
不動産ポータルサイトのスクレイピング収集(HTML+画像)とCSV形式への変換 スクレイピング・データ収集の仕事の依頼,kanps1,2021/02/25 04:34
